{
  "result": {
    "length": 52,
    "records": [
      {
        "id": 420,
        "name": "Alacant (Alicante)",
        "code": "A",
        "country_id": {
          "id": 68,
          "display_name": "España"
        }
      },
      {
        "id": 419,
        "name": "Albacete",
        "code": "AB",
        "country_id": {
          "id": 68,
          "display_name": "España"
        }
      },
      {
        "id": 421,
        "name": "Almería",
        "code": "AL",
        "country_id": {
          "id": 68,
          "display_name": "España"
        }
      },
      {
        "id": 423,
        "name": "Ávila",
        "code": "AV",
        "country_id": {
          "id": 68,
          "display_name": "España"
        }
      },
      {
        "id": 426,
        "name": "Barcelona",
        "code": "B",
        "country_id": {
          "id": 68,
          "display_name": "España"
        }
      },
      {
        "id": 424,
        "name": "Badajoz",
        "code": "BA",
        "country_id": {
          "id": 68,
          "display_name": "España"
        }
      },
      {
        "id": 466,
        "name": "Bizkaia (Vizcaya)",
        "code": "BI",
        "country_id": {
          "id": 68,
          "display_name": "España"
        }
      },
      {
        "id": 427,
        "name": "Burgos",
        "code": "BU",
        "country_id": {
          "id": 68,
          "display_name": "España"
        }
      },
      {
        "id": 417,
        "name": "A Coruña (La Coruña)",
        "code": "C",
        "country_id": {
          "id": 68,
          "display_name": "España"
        }
      },
      {
        "id": 429,
        "name": "Cádiz",
        "code": "CA",
        "country_id": {
          "id": 68,
          "display_name": "España"
        }
      },
      {
        "id": 428,
        "name": "Cáceres",
        "code": "CC",
        "country_id": {
          "id": 68,
          "display_name": "España"
        }
      },
      {
        "id": 432,
        "name": "Ceuta",
        "code": "CE",
        "country_id": {
          "id": 68,
          "display_name": "España"
        }
      },
      {
        "id": 434,
        "name": "Córdoba",
        "code": "CO",
        "country_id": {
          "id": 68,
          "display_name": "España"
        }
      },
      {
        "id": 433,
        "name": "Ciudad Real",
        "code": "CR",
        "country_id": {
          "id": 68,
          "display_name": "España"
        }
      },
      {
        "id": 431,
        "name": "Castelló (Castellón)",
        "code": "CS",
        "country_id": {
          "id": 68,
          "display_name": "España"
        }
      },
      {
        "id": 435,
        "name": "Cuenca",
        "code": "CU",
        "country_id": {
          "id": 68,
          "display_name": "España"
        }
      },
      {
        "id": 444,
        "name": "Las Palmas",
        "code": "GC",
        "country_id": {
          "id": 68,
          "display_name": "España"
        }
      },
      {
        "id": 436,
        "name": "Girona (Gerona)",
        "code": "GI",
        "country_id": {
          "id": 68,
          "display_name": "España"
        }
      },
      {
        "id": 437,
        "name": "Granada",
        "code": "GR",
        "country_id": {
          "id": 68,
          "display_name": "España"
        }
      },
      {
        "id": 438,
        "name": "Guadalajara",
        "code": "GU",
        "country_id": {
          "id": 68,
          "display_name": "España"
        }
      },
      {
        "id": 440,
        "name": "Huelva",
        "code": "H",
        "country_id": {
          "id": 68,
          "display_name": "España"
        }
      },
      {
        "id": 441,
        "name": "Huesca",
        "code": "HU",
        "country_id": {
          "id": 68,
          "display_name": "España"
        }
      },
      {
        "id": 442,
        "name": "Jaén",
        "code": "J",
        "country_id": {
          "id": 68,
          "display_name": "España"
        }
      },
      {
        "id": 446,
        "name": "Lleida (Lérida)",
        "code": "L",
        "country_id": {
          "id": 68,
          "display_name": "España"
        }
      },
      {
        "id": 445,
        "name": "León",
        "code": "LE",
        "country_id": {
          "id": 68,
          "display_name": "España"
        }
      },
      {
        "id": 443,
        "name": "La Rioja",
        "code": "LO",
        "country_id": {
          "id": 68,
          "display_name": "España"
        }
      },
      {
        "id": 447,
        "name": "Lugo",
        "code": "LU",
        "country_id": {
          "id": 68,
          "display_name": "España"
        }
      },
      {
        "id": 448,
        "name": "Madrid",
        "code": "M",
        "country_id": {
          "id": 68,
          "display_name": "España"
        }
      },
      {
        "id": 449,
        "name": "Málaga",
        "code": "MA",
        "country_id": {
          "id": 68,
          "display_name": "España"
        }
      },
      {
        "id": 450,
        "name": "Melilla",
        "code": "ME",
        "country_id": {
          "id": 68,
          "display_name": "España"
        }
      },
      {
        "id": 451,
        "name": "Murcia",
        "code": "MU",
        "country_id": {
          "id": 68,
          "display_name": "España"
        }
      },
      {
        "id": 452,
        "name": "Navarra (Nafarroa)",
        "code": "NA",
        "country_id": {
          "id": 68,
          "display_name": "España"
        }
      },
      {
        "id": 422,
        "name": "Asturias",
        "code": "O",
        "country_id": {
          "id": 68,
          "display_name": "España"
        }
      },
      {
        "id": 453,
        "name": "Ourense (Orense)",
        "code": "OR",
        "country_id": {
          "id": 68,
          "display_name": "España"
        }
      },
      {
        "id": 454,
        "name": "Palencia",
        "code": "P",
        "country_id": {
          "id": 68,
          "display_name": "España"
        }
      },
      {
        "id": 425,
        "name": "Illes Balears (Islas Baleares)",
        "code": "PM",
        "country_id": {
          "id": 68,
          "display_name": "España"
        }
      },
      {
        "id": 455,
        "name": "Pontevedra",
        "code": "PO",
        "country_id": {
          "id": 68,
          "display_name": "España"
        }
      },
      {
        "id": 430,
        "name": "Cantabria",
        "code": "S",
        "country_id": {
          "id": 68,
          "display_name": "España"
        }
      },
      {
        "id": 456,
        "name": "Salamanca",
        "code": "SA",
        "country_id": {
          "id": 68,
          "display_name": "España"
        }
      },
      {
        "id": 459,
        "name": "Sevilla",
        "code": "SE",
        "country_id": {
          "id": 68,
          "display_name": "España"
        }
      },
      {
        "id": 458,
        "name": "Segovia",
        "code": "SG",
        "country_id": {
          "id": 68,
          "display_name": "España"
        }
      },
      {
        "id": 460,
        "name": "Soria",
        "code": "SO",
        "country_id": {
          "id": 68,
          "display_name": "España"
        }
      },
      {
        "id": 439,
        "name": "Gipuzkoa (Guipúzcoa)",
        "code": "SS",
        "country_id": {
          "id": 68,
          "display_name": "España"
        }
      },
      {
        "id": 461,
        "name": "Tarragona",
        "code": "T",
        "country_id": {
          "id": 68,
          "display_name": "España"
        }
      },
      {
        "id": 462,
        "name": "Teruel",
        "code": "TE",
        "country_id": {
          "id": 68,
          "display_name": "España"
        }
      },
      {
        "id": 457,
        "name": "Santa Cruz de Tenerife",
        "code": "TF",
        "country_id": {
          "id": 68,
          "display_name": "España"
        }
      },
      {
        "id": 463,
        "name": "Toledo",
        "code": "TO",
        "country_id": {
          "id": 68,
          "display_name": "España"
        }
      },
      {
        "id": 464,
        "name": "València (Valencia)",
        "code": "V",
        "country_id": {
          "id": 68,
          "display_name": "España"
        }
      },
      {
        "id": 465,
        "name": "Valladolid",
        "code": "VA",
        "country_id": {
          "id": 68,
          "display_name": "España"
        }
      },
      {
        "id": 418,
        "name": "Araba/Álava",
        "code": "VI",
        "country_id": {
          "id": 68,
          "display_name": "España"
        }
      },
      {
        "id": 468,
        "name": "Zaragoza",
        "code": "Z",
        "country_id": {
          "id": 68,
          "display_name": "España"
        }
      },
      {
        "id": 467,
        "name": "Zamora",
        "code": "ZA",
        "country_id": {
          "id": 68,
          "display_name": "España"
        }
      }
    ]
  }
}
